,Ticker,Price,P/E Ratio,P/E Percentile,P/B Ratio,P/B Percentile,P/Sales Ratio,P/Sales Percentile,EV/EBITDA Ratio,EV/EBITDA Percentile,EV/Gross Ratio,EV/Gross Percentile,NumberSharesToBuy
0,A,154.69000244140625,37.19,N/A,8.68,N/A,6.81,N/A,25.06,N/A,6.97,N/A,N/A
1,AAL,16.90999984741211,2.81,N/A,,N/A,,N/A,,N/A,,N/A,N/A
2,AAP,149.05999755859375,20.11,N/A,3.42,N/A,0.87,N/A,13.35,N/A,1.14,N/A,N/A
3,AAPL,151.75999450683594,25.61,N/A,42.1,N/A,6.3,N/A,19.21,N/A,6.32,N/A,N/A
4,ABBV,144.5500030517578,19.31,N/A,16.02,N/A,4.45,N/A,12.4,N/A,5.43,N/A,N/A
5,ABC,157.72999572753906,19.54,N/A,442.78,N/A,0.14,N/A,11.7,N/A,0.15,N/A,N/A
6,ABT,109.83999633789062,28.71,N/A,5.49,N/A,4.54,N/A,18.91,N/A,4.63,N/A,N/A
7,ACGL,64.07499694824219,19.66,N/A,2.07,N/A,2.61,N/A,,N/A,2.86,N/A,N/A
8,ACN,284.1700134277344,25.76,N/A,7.77,N/A,2.92,N/A,17.7,N/A,2.93,N/A,N/A
9,ADBE,376.1099853515625,38.83,N/A,12.78,N/A,10.49,N/A,25.53,N/A,10.12,N/A,N/A
10,ADI,178.0399932861328,33.64,N/A,2.45,N/A,7.69,N/A,16.89,N/A,7.87,N/A,N/A
11,ADM,81.66000366210938,13.37,N/A,1.95,N/A,0.51,N/A,10.24,N/A,0.63,N/A,N/A
12,ADP,223.3800048828125,30.45,N/A,31.77,N/A,5.74,N/A,20.41,N/A,5.81,N/A,N/A
13,ADSK,221.11500549316406,78.51,N/A,52.92,N/A,9.93,N/A,48.31,N/A,10.04,N/A,N/A
14,AEE,84.6500015258789,21.74,N/A,2.2,N/A,3.01,N/A,12.19,N/A,5.01,N/A,N/A
15,AEP,90.13999938964844,19.64,N/A,2.0,N/A,2.57,N/A,11.87,N/A,4.59,N/A,N/A
16,AES,26.014999389648438,,N/A,6.89,N/A,1.45,N/A,29.46,N/A,3.13,N/A,N/A
17,AFL,70.625,10.46,N/A,1.9,N/A,2.25,N/A,,N/A,2.32,N/A,N/A
18,AIG,60.72999954223633,3.63,N/A,1.17,N/A,0.84,N/A,,N/A,1.25,N/A,N/A
19,AIZ,131.0050048828125,21.64,N/A,1.7,N/A,0.73,N/A,,N/A,0.77,N/A,N/A
20,AJG,196.55499267578125,,N/A,,N/A,,N/A,,N/A,,N/A,N/A
21,AKAM,86.0176010131836,28.71,N/A,3.33,N/A,4.05,N/A,12.95,N/A,4.63,N/A,N/A
22,ALB,268.57000732421875,21.68,N/A,4.97,N/A,6.02,N/A,18.45,N/A,6.43,N/A,N/A
23,ALGN,334.19500732421875,61.29,N/A,6.13,N/A,5.93,N/A,32.37,N/A,5.67,N/A,N/A
24,ALK,51.279998779296875,118.82,N/A,1.79,N/A,0.71,N/A,47.85,N/A,0.86,N/A,N/A
25,ALL,136.8300018310547,,N/A,1.92,N/A,0.68,N/A,,N/A,0.8,N/A,N/A
26,ALLE,119.31999969482422,24.79,N/A,13.51,N/A,3.46,N/A,19.3,N/A,4.05,N/A,N/A
27,AMAT,115.81999969482422,16.0,N/A,8.23,N/A,4.05,N/A,13.06,N/A,4.19,N/A,N/A
28,AMCR,11.300000190734863,22.06,N/A,4.64,N/A,1.24,N/A,13.05,N/A,1.69,N/A,N/A
29,AMD,84.66000366210938,100.76,N/A,2.49,N/A,5.63,N/A,41.34,N/A,5.91,N/A,N/A
30,AME,144.73500061035156,,N/A,,N/A,,N/A,,N/A,,N/A,N/A
31,AMGN,240.25999450683594,20.35,N/A,35.94,N/A,5.06,N/A,18.42,N/A,6.12,N/A,N/A
32,AMP,352.3399963378906,15.47,N/A,10.13,N/A,2.77,N/A,,N/A,2.45,N/A,N/A
33,AMT,217.47000122070312,36.15,N/A,16.85,N/A,10.02,N/A,20.75,N/A,14.39,N/A,N/A
34,AMZN,100.0999984741211,102.6,N/A,7.89,N/A,2.24,N/A,31.86,N/A,2.38,N/A,N/A
35,ANET,135.97999572753906,36.46,N/A,9.3,N/A,10.78,N/A,27.39,N/A,9.63,N/A,N/A
36,ANSS,271.2349853515625,51.38,N/A,5.26,N/A,11.87,N/A,36.37,N/A,12.25,N/A,N/A
37,AON,320.5,25.84,N/A,,N/A,5.36,N/A,19.54,N/A,5.99,N/A,N/A
38,AOS,66.23999786376953,46.62,N/A,6.15,N/A,2.92,N/A,34.32,N/A,2.83,N/A,N/A
39,APA,41.90999984741211,4.01,N/A,22.7,N/A,1.34,N/A,2.67,N/A,1.74,N/A,N/A
40,APD,287.6000061035156,,N/A,,N/A,,N/A,,N/A,,N/A,N/A
41,APH,81.38999938964844,26.83,N/A,6.96,N/A,4.04,N/A,17.4,N/A,4.12,N/A,N/A
42,APTV,115.22000122070312,60.55,N/A,3.64,N/A,1.84,N/A,19.01,N/A,2.14,N/A,N/A
43,ARE,165.32000732421875,51.34,N/A,1.49,N/A,10.19,N/A,21.51,N/A,14.68,N/A,N/A
44,ATO,116.11000061035156,21.24,N/A,1.78,N/A,3.91,N/A,16.89,N/A,5.99,N/A,N/A
45,ATVI,73.4749984741211,36.2,N/A,3.21,N/A,8.25,N/A,22.7,N/A,7.24,N/A,N/A
46,AVB,181.61000061035156,20.97,N/A,2.3,N/A,10.23,N/A,14.85,N/A,13.38,N/A,N/A
47,AVGO,601.7807006835938,,N/A,,N/A,,N/A,,N/A,,N/A,N/A
48,AVY,183.86000061035156,20.29,N/A,7.78,N/A,1.72,N/A,13.11,N/A,2.03,N/A,N/A
49,AWK,151.08999633789062,22.15,N/A,3.76,N/A,7.67,N/A,14.72,N/A,10.77,N/A,N/A
50,AXP,178.6649932861328,18.16,N/A,5.32,N/A,2.54,N/A,,N/A,,N/A,N/A
51,AZO,2430.0,20.54,N/A,,N/A,2.99,N/A,14.88,N/A,3.32,N/A,N/A
52,BA,212.1649932861328,,N/A,,N/A,1.87,N/A,-324.1,N/A,2.48,N/A,N/A
53,BAC,36.459999084472656,11.33,N/A,1.18,N/A,3.11,N/A,,N/A,,N/A,N/A
54,BALL,56.06999969482422,,N/A,,N/A,,N/A,,N/A,,N/A,N/A
55,BAX,45.599998474121094,,N/A,4.28,N/A,1.61,N/A,-63.7,N/A,2.64,N/A,N/A
56,BBWI,44.189998626708984,12.51,N/A,,N/A,1.47,N/A,9.06,N/A,2.15,N/A,N/A
57,BBY,86.68499755859375,13.42,N/A,6.63,N/A,0.43,N/A,7.88,N/A,0.48,N/A,N/A
58,BDX,249.60000610351562,,N/A,,N/A,,N/A,,N/A,,N/A,N/A
59,BEN,31.450000762939453,16.33,N/A,1.37,N/A,1.95,N/A,12.65,N/A,2.81,N/A,N/A
60,BF-B,65.0802001953125,36.33,N/A,10.53,N/A,7.77,N/A,25.18,N/A,8.06,N/A,N/A
61,BIIB,286.2799987792969,14.9,N/A,3.29,N/A,4.12,N/A,10.45,N/A,4.22,N/A,N/A
62,BIO,469.2200012207031,,N/A,1.67,N/A,5.05,N/A,-1.73,N/A,4.74,N/A,N/A
63,BK,51.7400016784668,,N/A,,N/A,,N/A,,N/A,,N/A,N/A
64,BKNG,2421.91259765625,40.95,N/A,25.94,N/A,6.24,N/A,22.79,N/A,5.96,N/A,N/A
65,BKR,32.48500061035156,,N/A,,N/A,,N/A,8.78,N/A,0.97,N/A,N/A
66,BLK,730.3300170898438,,N/A,,N/A,,N/A,,N/A,,N/A,N/A
67,BMY,73.48500061035156,24.67,N/A,4.49,N/A,3.38,N/A,10.02,N/A,4.03,N/A,N/A
68,BR,146.47000122070312,,N/A,,N/A,,N/A,,N/A,,N/A,N/A
69,BRK-B,308.4100036621094,,N/A,1.5,N/A,2.71,N/A,,N/A,3.06,N/A,N/A
70,BRO,59.21500015258789,24.64,N/A,3.59,N/A,4.55,N/A,16.64,N/A,5.6,N/A,N/A
71,BSX,47.470001220703125,106.82,N/A,3.9,N/A,5.46,N/A,32.08,N/A,6.11,N/A,N/A
72,BWA,46.452999114990234,14.01,N/A,1.67,N/A,0.75,N/A,7.32,N/A,0.94,N/A,N/A
73,BXP,72.83000183105469,14.51,N/A,2.0,N/A,3.96,N/A,11.91,N/A,8.46,N/A,N/A
74,C,51.060001373291016,,N/A,,N/A,,N/A,,N/A,,N/A,N/A
75,CAG,36.29999923706055,26.18,N/A,2.03,N/A,1.48,N/A,17.54,N/A,2.21,N/A,N/A
76,CAH,79.7249984741211,,N/A,,N/A,0.11,N/A,34.24,N/A,0.11,N/A,N/A
77,CARR,45.005001068115234,11.36,N/A,5.51,N/A,2.01,N/A,9.24,N/A,2.24,N/A,N/A
78,CAT,248.0500030517578,,N/A,,N/A,,N/A,,N/A,,N/A,N/A
79,CB,215.0500030517578,,N/A,,N/A,,N/A,,N/A,,N/A,N/A
80,CBOE,127.45999908447266,,N/A,,N/A,,N/A,,N/A,,N/A,N/A
81,CBRE,84.44999694824219,,N/A,,N/A,,N/A,,N/A,,N/A,N/A
82,CCI,142.63499450683594,,N/A,,N/A,,N/A,,N/A,,N/A,N/A
83,CCL,11.940099716186523,,N/A,,N/A,,N/A,,N/A,,N/A,N/A
84,CDAY,73.44000244140625,,N/A,,N/A,,N/A,,N/A,,N/A,N/A
85,CDNS,185.0399932861328,,N/A,,N/A,,N/A,,N/A,,N/A,N/A
86,CDW,201.86000061035156,,N/A,,N/A,,N/A,,N/A,,N/A,N/A
87,CE,120.56500244140625,,N/A,,N/A,,N/A,,N/A,,N/A,N/A
88,CEG,84.25,,N/A,,N/A,,N/A,,N/A,,N/A,N/A
89,CF,84.31390380859375,,N/A,,N/A,,N/A,,N/A,,N/A,N/A
90,CFG,43.83000183105469,,N/A,,N/A,,N/A,,N/A,,N/A,N/A
91,CHD,83.16999816894531,,N/A,,N/A,,N/A,,N/A,,N/A,N/A
92,CHRW,103.11000061035156,,N/A,,N/A,,N/A,,N/A,,N/A,N/A
93,CHTR,404.44000244140625,,N/A,,N/A,,N/A,,N/A,,N/A,N/A
94,CI,290.32000732421875,,N/A,,N/A,,N/A,,N/A,,N/A,N/A
95,CINF,127.05999755859375,,N/A,,N/A,,N/A,,N/A,,N/A,N/A
96,CL,73.31999969482422,,N/A,,N/A,,N/A,,N/A,,N/A,N/A
97,CLX,150.97000122070312,,N/A,,N/A,,N/A,,N/A,,N/A,N/A
98,CMA,76.44999694824219,,N/A,,N/A,,N/A,,N/A,,N/A,N/A
99,CMCSA,38.76499938964844,,N/A,,N/A,,N/A,,N/A,,N/A,N/A
100,CME,187.25,,N/A,,N/A,,N/A,,N/A,,N/A,N/A
101,CMG,1640.6800537109375,,N/A,,N/A,,N/A,,N/A,,N/A,N/A
102,CMI,246.68499755859375,,N/A,,N/A,,N/A,,N/A,,N/A,N/A
103,CMS,60.90999984741211,,N/A,,N/A,,N/A,,N/A,,N/A,N/A
104,CNC,73.3499984741211,21.97,N/A,1.68,N/A,0.31,N/A,9.73,N/A,0.33,N/A,N/A
105,CNP,29.05500030517578,20.83,N/A,2.04,N/A,2.12,N/A,10.94,N/A,3.87,N/A,N/A
106,COF,117.87000274658203,6.8,N/A,0.88,N/A,1.4,N/A,,N/A,,N/A,N/A
107,COO,344.67999267578125,36.64,N/A,2.19,N/A,4.87,N/A,20.5,N/A,5.72,N/A,N/A
108,COP,111.0999984741211,7.64,N/A,2.84,N/A,1.81,N/A,3.9,N/A,1.83,N/A,N/A
109,COST,504.45001220703125,,N/A,,N/A,,N/A,,N/A,,N/A,N/A
110,CPB,50.900001525878906,19.08,N/A,4.35,N/A,1.71,N/A,12.62,N/A,2.23,N/A,N/A
111,CPRT,68.55000305175781,31.28,N/A,6.85,N/A,9.38,N/A,21.41,N/A,8.87,N/A,N/A
112,CPT,124.18499755859375,16.45,N/A,2.67,N/A,10.09,N/A,12.61,N/A,12.01,N/A,N/A
113,CRL,259.54998779296875,29.2,N/A,4.81,N/A,3.37,N/A,18.8,N/A,4.33,N/A,N/A
114,CRM,169.9199981689453,660.85,N/A,2.89,N/A,5.68,N/A,41.58,N/A,5.74,N/A,N/A
115,CSCO,46.94499969482422,17.81,N/A,5.03,N/A,3.92,N/A,11.62,N/A,3.67,N/A,N/A
116,CSGP,76.19000244140625,94.13,N/A,4.85,N/A,14.93,N/A,47.24,N/A,13.65,N/A,N/A
117,CSX,32.03499984741211,16.2,N/A,5.26,N/A,4.55,N/A,10.76,N/A,5.55,N/A,N/A
118,CTAS,438.25,36.32,N/A,13.22,N/A,5.55,N/A,22.94,N/A,5.76,N/A,N/A
119,CTLT,71.02999877929688,23.29,N/A,2.1,N/A,2.04,N/A,13.66,N/A,2.92,N/A,N/A
120,CTRA,24.15999984741211,4.49,N/A,1.54,N/A,2.22,N/A,3.14,N/A,2.38,N/A,N/A
121,CTSH,66.44999694824219,,N/A,,N/A,,N/A,,N/A,,N/A,N/A
122,CTVA,61.845001220703125,37.35,N/A,1.75,N/A,2.57,N/A,15.48,N/A,2.42,N/A,N/A
123,CVS,89.55500030517578,36.36,N/A,1.6,N/A,0.36,N/A,15.29,N/A,0.52,N/A,N/A
124,CVX,170.33999633789062,,N/A,,N/A,,N/A,,N/A,,N/A,N/A
125,CZR,53.54999923706055,16.59,N/A,3.0,N/A,1.08,N/A,9.52,N/A,2.22,N/A,N/A
126,D,59.5,28.97,N/A,1.93,N/A,3.18,N/A,14.24,N/A,6.03,N/A,N/A
127,DAL,39.6150016784668,4.86,N/A,,N/A,,N/A,,N/A,,N/A,N/A
128,DD,76.98500061035156,23.51,N/A,1.49,N/A,2.2,N/A,11.73,N/A,2.73,N/A,N/A
129,DE,408.74090576171875,18.34,N/A,6.26,N/A,2.52,N/A,16.16,N/A,3.35,N/A,N/A
130,DFS,116.01000213623047,7.47,N/A,2.12,N/A,2.41,N/A,,N/A,,N/A,N/A
131,DG,227.66000366210938,22.5,N/A,8.49,N/A,1.46,N/A,17.43,N/A,1.87,N/A,N/A
132,DGX,146.3350067138672,,N/A,,N/A,,N/A,,N/A,,N/A,N/A
133,DHI,97.36499786376953,6.39,N/A,1.75,N/A,1.07,N/A,5.2,N/A,1.14,N/A,N/A
134,DHR,261.7099914550781,,N/A,,N/A,,N/A,,N/A,,N/A,N/A
135,DIS,111.13999938964844,62.51,N/A,2.1,N/A,2.42,N/A,20.57,N/A,2.98,N/A,N/A
136,DISH,13.975000381469727,4.96,N/A,0.47,N/A,0.56,N/A,9.11,N/A,1.72,N/A,N/A
137,DLR,112.63999938964844,,N/A,,N/A,,N/A,,N/A,,N/A,N/A
138,DLTR,150.33999633789062,,N/A,,N/A,,N/A,,N/A,,N/A,N/A
139,DOV,153.7100067138672,,N/A,,N/A,,N/A,,N/A,,N/A,N/A
140,DOW,59.88999938964844,,N/A,,N/A,,N/A,,N/A,,N/A,N/A
141,DPZ,355.3299865722656,,N/A,,N/A,,N/A,,N/A,,N/A,N/A
142,DRI,148.13499450683594,,N/A,,N/A,,N/A,,N/A,,N/A,N/A
143,DTE,112.05999755859375,,N/A,,N/A,,N/A,,N/A,,N/A,N/A
144,DUK,99.12999725341797,,N/A,,N/A,,N/A,,N/A,,N/A,N/A
145,DVA,83.63500213623047,,N/A,,N/A,,N/A,,N/A,,N/A,N/A
146,DVN,61.400001525878906,,N/A,,N/A,,N/A,,N/A,,N/A,N/A
147,DXC,28.28499984741211,,N/A,,N/A,,N/A,,N/A,,N/A,N/A
148,DXCM,109.375,,N/A,,N/A,,N/A,,N/A,,N/A,N/A
149,EA,113.06500244140625,,N/A,,N/A,,N/A,,N/A,,N/A,N/A
150,EBAY,49.20000076293945,,N/A,,N/A,,N/A,,N/A,,N/A,N/A
151,ECL,151.08999633789062,,N/A,,N/A,,N/A,,N/A,,N/A,N/A
152,ED,91.48999786376953,,N/A,,N/A,,N/A,,N/A,,N/A,N/A
153,EFX,221.58999633789062,,N/A,,N/A,,N/A,,N/A,,N/A,N/A
154,EIX,66.7249984741211,,N/A,,N/A,,N/A,,N/A,,N/A,N/A
155,EL,259.2900085449219,,N/A,,N/A,,N/A,,N/A,,N/A,N/A
156,ELV,482.7049865722656,,N/A,,N/A,,N/A,,N/A,,N/A,N/A
157,EMN,89.44999694824219,,N/A,,N/A,,N/A,,N/A,,N/A,N/A
158,EMR,85.62000274658203,,N/A,,N/A,,N/A,,N/A,,N/A,N/A
159,ENPH,218.80999755859375,,N/A,,N/A,,N/A,,N/A,,N/A,N/A
160,EOG,128.9600067138672,,N/A,,N/A,,N/A,,N/A,,N/A,N/A
161,EPAM,378.80999755859375,,N/A,,N/A,,N/A,,N/A,,N/A,N/A
162,EQIX,730.72998046875,,N/A,,N/A,,N/A,,N/A,,N/A,N/A
163,EQR,65.23999786376953,,N/A,,N/A,,N/A,,N/A,,N/A,N/A
164,EQT,29.729999542236328,,N/A,,N/A,,N/A,,N/A,,N/A,N/A
165,ES,78.87000274658203,,N/A,,N/A,,N/A,,N/A,,N/A,N/A
166,ESS,234.4499969482422,,N/A,,N/A,,N/A,,N/A,,N/A,N/A
167,ETN,169.25999450683594,,N/A,,N/A,,N/A,,N/A,,N/A,N/A
168,ETR,105.23909759521484,,N/A,,N/A,,N/A,,N/A,,N/A,N/A
169,ETSY,143.92999267578125,,N/A,,N/A,,N/A,,N/A,,N/A,N/A
170,EVRG,60.540000915527344,,N/A,,N/A,,N/A,,N/A,,N/A,N/A
171,EW,78.08000183105469,,N/A,,N/A,,N/A,,N/A,,N/A,N/A
172,EXC,40.02750015258789,,N/A,,N/A,,N/A,,N/A,,N/A,N/A
173,EXPD,113.34249877929688,,N/A,,N/A,,N/A,,N/A,,N/A,N/A
174,EXPE,119.25,,N/A,,N/A,,N/A,,N/A,,N/A,N/A
175,EXR,166.34500122070312,,N/A,,N/A,,N/A,,N/A,,N/A,N/A
176,F,13.425000190734863,,N/A,,N/A,,N/A,,N/A,,N/A,N/A
177,FANG,144.17999267578125,,N/A,,N/A,,N/A,,N/A,,N/A,N/A
178,FAST,52.505001068115234,,N/A,,N/A,,N/A,,N/A,,N/A,N/A
179,FCX,43.01499938964844,,N/A,,N/A,,N/A,,N/A,,N/A,N/A
180,FDS,433.25,,N/A,,N/A,,N/A,,N/A,,N/A,N/A
181,FDX,208.91000366210938,,N/A,,N/A,,N/A,,N/A,,N/A,N/A
182,FE,39.345001220703125,,N/A,,N/A,,N/A,,N/A,,N/A,N/A
183,FFIV,145.35000610351562,,N/A,,N/A,,N/A,,N/A,,N/A,N/A
184,FIS,73.4000015258789,,N/A,,N/A,,N/A,,N/A,,N/A,N/A
185,FISV,115.75,,N/A,,N/A,,N/A,,N/A,,N/A,N/A
186,FITB,37.57500076293945,,N/A,,N/A,,N/A,,N/A,,N/A,N/A
187,FLT,208.9149932861328,,N/A,,N/A,,N/A,,N/A,,N/A,N/A
188,FMC,128.83999633789062,,N/A,,N/A,,N/A,,N/A,,N/A,N/A
189,FOX,33.0890007019043,,N/A,,N/A,,N/A,,N/A,,N/A,N/A
190,FOXA,35.38999938964844,,N/A,,N/A,,N/A,,N/A,,N/A,N/A
191,FRC,141.08999633789062,,N/A,,N/A,,N/A,,N/A,,N/A,N/A
192,FRT,108.91000366210938,,N/A,,N/A,,N/A,,N/A,,N/A,N/A
193,FSLR,165.93499755859375,,N/A,,N/A,,N/A,,N/A,,N/A,N/A
194,FTNT,59.404998779296875,,N/A,,N/A,,N/A,,N/A,,N/A,N/A
195,FTV,69.1500015258789,,N/A,,N/A,,N/A,,N/A,,N/A,N/A
196,GD,229.36000061035156,,N/A,,N/A,,N/A,,N/A,,N/A,N/A
197,GE,81.98999786376953,,N/A,,N/A,,N/A,,N/A,,N/A,N/A
198,GEHC,70.22000122070312,,N/A,,N/A,,N/A,,N/A,,N/A,N/A
199,GEN,21.514999389648438,,N/A,,N/A,,N/A,,N/A,,N/A,N/A
200,GILD,85.70500183105469,,N/A,,N/A,,N/A,,N/A,,N/A,N/A
201,GIS,75.86000061035156,,N/A,,N/A,,N/A,,N/A,,N/A,N/A
202,GL,121.79499816894531,,N/A,,N/A,,N/A,,N/A,,N/A,N/A
203,GLW,35.19499969482422,,N/A,,N/A,,N/A,,N/A,,N/A,N/A
204,GM,41.619998931884766,,N/A,,N/A,,N/A,,N/A,,N/A,N/A
205,GNRC,118.56500244140625,,N/A,,N/A,,N/A,,N/A,,N/A,N/A
206,GOOG,99.80500030517578,,N/A,,N/A,,N/A,,N/A,,N/A,N/A
207,GOOGL,99.33000183105469,,N/A,,N/A,,N/A,,N/A,,N/A,N/A
208,GPN,111.6500015258789,,N/A,,N/A,,N/A,,N/A,,N/A,N/A
209,GRMN,97.07499694824219,,N/A,,N/A,,N/A,,N/A,,N/A,N/A
210,GWW,666.27001953125,,N/A,,N/A,,N/A,,N/A,,N/A,N/A
211,HAL,39.52000045776367,,N/A,,N/A,,N/A,,N/A,,N/A,N/A
212,HAS,59.53499984741211,,N/A,,N/A,,N/A,,N/A,,N/A,N/A
213,HBAN,15.450799942016602,,N/A,,N/A,,N/A,,N/A,,N/A,N/A
214,HCA,256.8399963378906,,N/A,,N/A,,N/A,,N/A,,N/A,N/A
215,HD,321.0018005371094,,N/A,,N/A,,N/A,,N/A,,N/A,N/A
216,HES,143.02999877929688,,N/A,,N/A,,N/A,,N/A,,N/A,N/A
217,HIG,76.52899932861328,,N/A,,N/A,,N/A,,N/A,,N/A,N/A
218,HII,225.4149932861328,,N/A,,N/A,,N/A,,N/A,,N/A,N/A
219,HLT,147.2100067138672,,N/A,,N/A,,N/A,,N/A,,N/A,N/A
220,HON,201.75,,N/A,,N/A,,N/A,,N/A,,N/A,N/A
221,HPE,16.0,,N/A,,N/A,,N/A,,N/A,,N/A,N/A
222,HPQ,29.684999465942383,,N/A,,N/A,,N/A,,N/A,,N/A,N/A
223,HRL,44.70500183105469,,N/A,,N/A,,N/A,,N/A,,N/A,N/A
224,HSIC,87.04499816894531,,N/A,,N/A,,N/A,,N/A,,N/A,N/A
225,HST,18.489999771118164,,N/A,,N/A,,N/A,,N/A,,N/A,N/A
226,HSY,235.2899932861328,,N/A,,N/A,,N/A,,N/A,,N/A,N/A
227,HUM,493.07000732421875,,N/A,,N/A,,N/A,,N/A,,N/A,N/A
228,HWM,40.81999969482422,,N/A,,N/A,,N/A,,N/A,,N/A,N/A
229,IBM,136.24000549316406,,N/A,,N/A,,N/A,,N/A,,N/A,N/A
230,ICE,109.3499984741211,,N/A,,N/A,,N/A,,N/A,,N/A,N/A
231,IDXX,495.9800109863281,,N/A,,N/A,,N/A,,N/A,,N/A,N/A
232,IEX,224.3800048828125,,N/A,,N/A,,N/A,,N/A,,N/A,N/A
233,IFF,112.45500183105469,,N/A,,N/A,,N/A,,N/A,,N/A,N/A
234,ILMN,199.4600067138672,,N/A,,N/A,,N/A,,N/A,,N/A,N/A
235,INCY,80.58999633789062,,N/A,,N/A,,N/A,,N/A,,N/A,N/A
236,INTC,28.328500747680664,,N/A,,N/A,,N/A,,N/A,,N/A,N/A
237,INTU,419.739990234375,,N/A,,N/A,,N/A,,N/A,,N/A,N/A
238,INVH,33.03499984741211,,N/A,,N/A,,N/A,,N/A,,N/A,N/A
239,IP,39.435001373291016,,N/A,,N/A,,N/A,,N/A,,N/A,N/A
240,IPG,38.189998626708984,,N/A,,N/A,,N/A,,N/A,,N/A,N/A
241,IQV,235.44610595703125,,N/A,,N/A,,N/A,,N/A,,N/A,N/A
242,IR,57.459999084472656,,N/A,,N/A,,N/A,,N/A,,N/A,N/A
243,IRM,54.3650016784668,,N/A,,N/A,,N/A,,N/A,,N/A,N/A
244,ISRG,248.60000610351562,,N/A,,N/A,,N/A,,N/A,,N/A,N/A
245,IT,347.2900085449219,,N/A,,N/A,,N/A,,N/A,,N/A,N/A
246,ITW,236.02999877929688,,N/A,,N/A,,N/A,,N/A,,N/A,N/A
247,IVZ,18.985000610351562,,N/A,,N/A,,N/A,,N/A,,N/A,N/A
248,J,121.66999816894531,,N/A,,N/A,,N/A,,N/A,,N/A,N/A
249,JBHT,197.88999938964844,,N/A,,N/A,,N/A,,N/A,,N/A,N/A
250,JCI,64.97000122070312,,N/A,,N/A,,N/A,,N/A,,N/A,N/A
251,JKHY,164.64999389648438,,N/A,,N/A,,N/A,,N/A,,N/A,N/A
252,JNJ,163.8300018310547,,N/A,,N/A,,N/A,,N/A,,N/A,N/A
253,JNPR,31.014999389648438,,N/A,,N/A,,N/A,,N/A,,N/A,N/A
254,JPM,142.72000122070312,,N/A,,N/A,,N/A,,N/A,,N/A,N/A
255,K,67.33499908447266,,N/A,,N/A,,N/A,,N/A,,N/A,N/A
256,KDP,34.85499954223633,,N/A,,N/A,,N/A,,N/A,,N/A,N/A
257,KEY,19.815000534057617,,N/A,,N/A,,N/A,,N/A,,N/A,N/A
258,KEYS,180.99000549316406,,N/A,,N/A,,N/A,,N/A,,N/A,N/A
259,KHC,39.1349983215332,,N/A,,N/A,,N/A,,N/A,,N/A,N/A
260,KIM,22.1299991607666,,N/A,,N/A,,N/A,,N/A,,N/A,N/A
261,KLAC,405.0199890136719,,N/A,,N/A,,N/A,,N/A,,N/A,N/A
262,KMB,130.05999755859375,,N/A,,N/A,,N/A,,N/A,,N/A,N/A
263,KMI,18.2450008392334,,N/A,,N/A,,N/A,,N/A,,N/A,N/A
264,KMX,76.24500274658203,,N/A,,N/A,,N/A,,N/A,,N/A,N/A
265,KO,59.744998931884766,,N/A,,N/A,,N/A,,N/A,,N/A,N/A
266,KR,44.28499984741211,,N/A,,N/A,,N/A,,N/A,,N/A,N/A
267,L,62.22999954223633,,N/A,,N/A,,N/A,,N/A,,N/A,N/A
268,LDOS,98.92500305175781,,N/A,,N/A,,N/A,,N/A,,N/A,N/A
269,LEN,100.69999694824219,,N/A,,N/A,,N/A,,N/A,,N/A,N/A
270,LH,245.74000549316406,,N/A,,N/A,,N/A,,N/A,,N/A,N/A
271,LHX,211.6999969482422,,N/A,,N/A,,N/A,,N/A,,N/A,N/A
272,LIN,334.2099914550781,,N/A,,N/A,,N/A,,N/A,,N/A,N/A
273,LKQ,55.845001220703125,,N/A,,N/A,,N/A,,N/A,,N/A,N/A
274,LLY,341.30999755859375,,N/A,,N/A,,N/A,,N/A,,N/A,N/A
275,LMT,469.04998779296875,,N/A,,N/A,,N/A,,N/A,,N/A,N/A
276,LNC,35.29999923706055,,N/A,,N/A,,N/A,,N/A,,N/A,N/A
277,LNT,52.56999969482422,,N/A,,N/A,,N/A,,N/A,,N/A,N/A
278,LOW,212.6699981689453,,N/A,,N/A,,N/A,,N/A,,N/A,N/A
279,LRCX,518.3400268554688,,N/A,,N/A,,N/A,,N/A,,N/A,N/A
280,LUMN,3.9049999713897705,,N/A,,N/A,,N/A,,N/A,,N/A,N/A
281,LUV,35.415000915527344,,N/A,,N/A,,N/A,,N/A,,N/A,N/A
282,LVS,57.47999954223633,,N/A,,N/A,,N/A,,N/A,,N/A,N/A
283,LW,98.9000015258789,,N/A,,N/A,,N/A,,N/A,,N/A,N/A
284,LYB,98.97000122070312,,N/A,,N/A,,N/A,,N/A,,N/A,N/A
285,LYV,81.44999694824219,,N/A,,N/A,,N/A,,N/A,,N/A,N/A
286,MA,370.7099914550781,,N/A,,N/A,,N/A,,N/A,,N/A,N/A
287,MAA,174.61000061035156,,N/A,,N/A,,N/A,,N/A,,N/A,N/A
288,MAR,174.05999755859375,,N/A,,N/A,,N/A,,N/A,,N/A,N/A
289,MAS,54.13999938964844,,N/A,,N/A,,N/A,,N/A,,N/A,N/A
290,MCD,262.9100036621094,,N/A,,N/A,,N/A,,N/A,,N/A,N/A
291,MCHP,84.86499786376953,,N/A,,N/A,,N/A,,N/A,,N/A,N/A
292,MCK,367.1099853515625,,N/A,,N/A,,N/A,,N/A,,N/A,N/A
293,MCO,312.1300048828125,,N/A,,N/A,,N/A,,N/A,,N/A,N/A
294,MDLZ,64.82499694824219,,N/A,,N/A,,N/A,,N/A,,N/A,N/A
295,MDT,86.14250183105469,,N/A,,N/A,,N/A,,N/A,,N/A,N/A
296,MET,71.2249984741211,,N/A,,N/A,,N/A,,N/A,,N/A,N/A
297,META,183.61000061035156,,N/A,,N/A,,N/A,,N/A,,N/A,N/A
298,MGM,41.41999816894531,,N/A,,N/A,,N/A,,N/A,,N/A,N/A
299,MHK,121.2300033569336,,N/A,,N/A,,N/A,,N/A,,N/A,N/A
300,MKC,73.79499816894531,,N/A,,N/A,,N/A,,N/A,,N/A,N/A
301,MKTX,355.42999267578125,,N/A,,N/A,,N/A,,N/A,,N/A,N/A
302,MLM,355.6050109863281,,N/A,,N/A,,N/A,,N/A,,N/A,N/A
303,MMC,173.1300048828125,,N/A,,N/A,,N/A,,N/A,,N/A,N/A
304,MMM,115.27999877929688,,N/A,,N/A,,N/A,,N/A,,N/A,N/A
305,MNST,101.94000244140625,,N/A,,N/A,,N/A,,N/A,,N/A,N/A
306,MO,46.51499938964844,,N/A,,N/A,,N/A,,N/A,,N/A,N/A
307,MOH,307.06500244140625,,N/A,,N/A,,N/A,,N/A,,N/A,N/A
308,MOS,49.904998779296875,,N/A,,N/A,,N/A,,N/A,,N/A,N/A
309,MPC,121.80500030517578,,N/A,,N/A,,N/A,,N/A,,N/A,N/A
310,MPWR,462.3699951171875,,N/A,,N/A,,N/A,,N/A,,N/A,N/A
311,MRK,106.7699966430664,,N/A,,N/A,,N/A,,N/A,,N/A,N/A
312,MRNA,164.3699951171875,,N/A,,N/A,,N/A,,N/A,,N/A,N/A
313,MRO,26.65999984741211,,N/A,,N/A,,N/A,,N/A,,N/A,N/A
314,MS,98.8949966430664,,N/A,,N/A,,N/A,,N/A,,N/A,N/A
315,MSCI,555.35498046875,,N/A,,N/A,,N/A,,N/A,,N/A,N/A
316,MSFT,266.7699890136719,,N/A,,N/A,,N/A,,N/A,,N/A,N/A
317,MSI,258.07501220703125,,N/A,,N/A,,N/A,,N/A,,N/A,N/A
318,MTB,159.00999450683594,,N/A,,N/A,,N/A,,N/A,,N/A,N/A
319,MTCH,47.90999984741211,,N/A,,N/A,,N/A,,N/A,,N/A,N/A
320,MTD,1556.1400146484375,,N/A,,N/A,,N/A,,N/A,,N/A,N/A
321,MU,60.334999084472656,,N/A,,N/A,,N/A,,N/A,,N/A,N/A
322,NCLH,16.959999084472656,,N/A,,N/A,,N/A,,N/A,,N/A,N/A
323,NDAQ,59.625,,N/A,,N/A,,N/A,,N/A,,N/A,N/A
324,NDSN,243.33999633789062,,N/A,,N/A,,N/A,,N/A,,N/A,N/A
325,NEE,75.04499816894531,,N/A,,N/A,,N/A,,N/A,,N/A,N/A
326,NEM,48.349998474121094,,N/A,,N/A,,N/A,,N/A,,N/A,N/A
327,NFLX,366.4849853515625,,N/A,,N/A,,N/A,,N/A,,N/A,N/A
328,NI,26.78499984741211,,N/A,,N/A,,N/A,,N/A,,N/A,N/A
329,NKE,122.74500274658203,,N/A,,N/A,,N/A,,N/A,,N/A,N/A
330,NOC,456.30499267578125,,N/A,,N/A,,N/A,,N/A,,N/A,N/A
331,NOW,463.9100036621094,,N/A,,N/A,,N/A,,N/A,,N/A,N/A
332,NRG,34.779998779296875,,N/A,,N/A,,N/A,,N/A,,N/A,N/A
333,NSC,246.75,,N/A,,N/A,,N/A,,N/A,,N/A,N/A
334,NTAP,66.45999908447266,,N/A,,N/A,,N/A,,N/A,,N/A,N/A
335,NTRS,98.13999938964844,,N/A,,N/A,,N/A,,N/A,,N/A,N/A
336,NUE,166.42999267578125,,N/A,,N/A,,N/A,,N/A,,N/A,N/A
337,NVDA,222.19000244140625,,N/A,,N/A,,N/A,,N/A,,N/A,N/A
338,NVR,5006.240234375,,N/A,,N/A,,N/A,,N/A,,N/A,N/A
339,NWL,15.130000114440918,,N/A,,N/A,,N/A,,N/A,,N/A,N/A
340,NWS,21.104999542236328,,N/A,,N/A,,N/A,,N/A,,N/A,N/A
341,NWSA,20.8799991607666,,N/A,,N/A,,N/A,,N/A,,N/A,N/A
342,NXPI,187.9499969482422,,N/A,,N/A,,N/A,,N/A,,N/A,N/A
343,O,67.23500061035156,,N/A,,N/A,,N/A,,N/A,,N/A,N/A
344,ODFL,365.8999938964844,,N/A,,N/A,,N/A,,N/A,,N/A,N/A
345,OGN,29.670000076293945,,N/A,,N/A,,N/A,,N/A,,N/A,N/A
346,OKE,68.73999786376953,,N/A,,N/A,,N/A,,N/A,,N/A,N/A
347,OMC,92.86499786376953,,N/A,,N/A,,N/A,,N/A,,N/A,N/A
348,ON,83.5999984741211,,N/A,,N/A,,N/A,,N/A,,N/A,N/A
349,ORCL,86.69999694824219,,N/A,,N/A,,N/A,,N/A,,N/A,N/A
350,ORLY,787.3599853515625,,N/A,,N/A,,N/A,,N/A,,N/A,N/A
351,OTIS,83.55000305175781,,N/A,,N/A,,N/A,,N/A,,N/A,N/A
352,OXY,63.90999984741211,,N/A,,N/A,,N/A,,N/A,,N/A,N/A
353,PARA,22.420000076293945,,N/A,,N/A,,N/A,,N/A,,N/A,N/A
354,PAYC,321.1499938964844,,N/A,,N/A,,N/A,,N/A,,N/A,N/A
355,PAYX,114.93000030517578,,N/A,,N/A,,N/A,,N/A,,N/A,N/A
356,PCAR,71.94999694824219,,N/A,,N/A,,N/A,,N/A,,N/A,N/A
357,PCG,15.460000038146973,,N/A,,N/A,,N/A,,N/A,,N/A,N/A
358,PEAK,26.709999084472656,,N/A,,N/A,,N/A,,N/A,,N/A,N/A
359,PEG,60.13999938964844,,N/A,,N/A,,N/A,,N/A,,N/A,N/A
360,PEP,171.16000366210938,,N/A,,N/A,,N/A,,N/A,,N/A,N/A
361,PFG,91.12999725341797,,N/A,,N/A,,N/A,,N/A,,N/A,N/A
362,PG,138.5800018310547,,N/A,,N/A,,N/A,,N/A,,N/A,N/A
363,PGR,138.41000366210938,,N/A,,N/A,,N/A,,N/A,,N/A,N/A
364,PH,351.9800109863281,,N/A,,N/A,,N/A,,N/A,,N/A,N/A
365,PHM,55.5099983215332,,N/A,,N/A,,N/A,,N/A,,N/A,N/A
366,PKG,141.83999633789062,,N/A,,N/A,,N/A,,N/A,,N/A,N/A
367,PKI,139.30999755859375,,N/A,,N/A,,N/A,,N/A,,N/A,N/A
368,PLD,129.7899932861328,,N/A,,N/A,,N/A,,N/A,,N/A,N/A
369,PM,101.30000305175781,,N/A,,N/A,,N/A,,N/A,,N/A,N/A
370,PNC,161.58999633789062,,N/A,,N/A,,N/A,,N/A,,N/A,N/A
371,PNR,56.70000076293945,,N/A,,N/A,,N/A,,N/A,,N/A,N/A
372,PNW,73.27999877929688,,N/A,,N/A,,N/A,,N/A,,N/A,N/A
373,POOL,385.1300048828125,,N/A,,N/A,,N/A,,N/A,,N/A,N/A
374,PPG,130.41000366210938,,N/A,,N/A,,N/A,,N/A,,N/A,N/A
375,PPL,28.375,,N/A,,N/A,,N/A,,N/A,,N/A,N/A
376,PRU,104.36000061035156,,N/A,,N/A,,N/A,,N/A,,N/A,N/A
377,PSA,302.010009765625,,N/A,,N/A,,N/A,,N/A,,N/A,N/A
378,PSX,102.71299743652344,,N/A,,N/A,,N/A,,N/A,,N/A,N/A
379,PTC,134.5500030517578,,N/A,,N/A,,N/A,,N/A,,N/A,N/A
380,PWR,152.34500122070312,,N/A,,N/A,,N/A,,N/A,,N/A,N/A
381,PXD,223.8800048828125,,N/A,,N/A,,N/A,,N/A,,N/A,N/A
382,PYPL,79.72000122070312,,N/A,,N/A,,N/A,,N/A,,N/A,N/A
383,QCOM,132.1699981689453,,N/A,,N/A,,N/A,,N/A,,N/A,N/A
384,QRVO,105.87000274658203,,N/A,,N/A,,N/A,,N/A,,N/A,N/A
385,RCL,74.55999755859375,,N/A,,N/A,,N/A,,N/A,,N/A,N/A
386,RE,357.54998779296875,,N/A,,N/A,,N/A,,N/A,,N/A,N/A
387,REG,65.0999984741211,,N/A,,N/A,,N/A,,N/A,,N/A,N/A
388,REGN,749.6599731445312,,N/A,,N/A,,N/A,,N/A,,N/A,N/A
389,RF,23.850000381469727,,N/A,,N/A,,N/A,,N/A,,N/A,N/A
390,RHI,84.48999786376953,,N/A,,N/A,,N/A,,N/A,,N/A,N/A
391,RJF,113.41000366210938,,N/A,,N/A,,N/A,,N/A,,N/A,N/A
392,RL,117.13999938964844,,N/A,,N/A,,N/A,,N/A,,N/A,N/A
393,RMD,221.08999633789062,,N/A,,N/A,,N/A,,N/A,,N/A,N/A
394,ROK,285.44000244140625,,N/A,,N/A,,N/A,,N/A,,N/A,N/A
395,ROL,35.54999923706055,,N/A,,N/A,,N/A,,N/A,,N/A,N/A
396,ROP,427.9100036621094,,N/A,,N/A,,N/A,,N/A,,N/A,N/A
397,ROST,114.48999786376953,,N/A,,N/A,,N/A,,N/A,,N/A,N/A
398,RSG,124.43000030517578,,N/A,,N/A,,N/A,,N/A,,N/A,N/A
399,RTX,97.66999816894531,,N/A,,N/A,,N/A,,N/A,,N/A,N/A
400,SBAC,292.7699890136719,,N/A,,N/A,,N/A,,N/A,,N/A,N/A
401,SBNY,135.8000030517578,,N/A,,N/A,,N/A,,N/A,,N/A,N/A
402,SBUX,106.30000305175781,,N/A,,N/A,,N/A,,N/A,,N/A,N/A
403,SCHW,80.62000274658203,,N/A,,N/A,,N/A,,N/A,,N/A,N/A
404,SEDG,323.6099853515625,,N/A,,N/A,,N/A,,N/A,,N/A,N/A
405,SEE,53.56999969482422,,N/A,,N/A,,N/A,,N/A,,N/A,N/A
406,SHW,235.52999877929688,,N/A,,N/A,,N/A,,N/A,,N/A,N/A
407,SIVB,320.3999938964844,,N/A,,N/A,,N/A,,N/A,,N/A,N/A
408,SJM,148.92999267578125,,N/A,,N/A,,N/A,,N/A,,N/A,N/A
409,SLB,54.720001220703125,,N/A,,N/A,,N/A,,N/A,,N/A,N/A
410,SNA,251.19000244140625,,N/A,,N/A,,N/A,,N/A,,N/A,N/A
411,SNPS,360.6000061035156,,N/A,,N/A,,N/A,,N/A,,N/A,N/A
412,SO,66.44000244140625,,N/A,,N/A,,N/A,,N/A,,N/A,N/A
413,SPG,124.29000091552734,,N/A,,N/A,,N/A,,N/A,,N/A,N/A
414,SPGI,366.0299987792969,,N/A,,N/A,,N/A,,N/A,,N/A,N/A
415,SRE,154.5,,N/A,,N/A,,N/A,,N/A,,N/A,N/A
416,STE,215.57000732421875,,N/A,,N/A,,N/A,,N/A,,N/A,N/A
417,STLD,124.02999877929688,,N/A,,N/A,,N/A,,N/A,,N/A,N/A
418,STT,93.58000183105469,,N/A,,N/A,,N/A,,N/A,,N/A,N/A
419,STX,71.08000183105469,,N/A,,N/A,,N/A,,N/A,,N/A,N/A
420,STZ,230.1199951171875,,N/A,,N/A,,N/A,,N/A,,N/A,N/A
421,SWK,87.7699966430664,,N/A,,N/A,,N/A,,N/A,,N/A,N/A
422,SWKS,119.70999908447266,,N/A,,N/A,,N/A,,N/A,,N/A,N/A
423,SYF,36.439998626708984,,N/A,,N/A,,N/A,,N/A,,N/A,N/A
424,SYK,268.4200134277344,,N/A,,N/A,,N/A,,N/A,,N/A,N/A
425,SYY,76.2300033569336,,N/A,,N/A,,N/A,,N/A,,N/A,N/A
426,T,19.155000686645508,,N/A,,N/A,,N/A,,N/A,,N/A,N/A
427,TAP,51.40999984741211,,N/A,,N/A,,N/A,,N/A,,N/A,N/A
428,TDG,754.780029296875,,N/A,,N/A,,N/A,,N/A,,N/A,N/A
429,TDY,433.7200012207031,,N/A,,N/A,,N/A,,N/A,,N/A,N/A
430,TECH,77.0,,N/A,,N/A,,N/A,,N/A,,N/A,N/A
431,TEL,131.5500030517578,,N/A,,N/A,,N/A,,N/A,,N/A,N/A
432,TER,107.62999725341797,,N/A,,N/A,,N/A,,N/A,,N/A,N/A
433,TFC,49.2599983215332,,N/A,,N/A,,N/A,,N/A,,N/A,N/A
434,TFX,253.80999755859375,,N/A,,N/A,,N/A,,N/A,,N/A,N/A
435,TGT,171.82000732421875,,N/A,,N/A,,N/A,,N/A,,N/A,N/A
436,TJX,80.30999755859375,,N/A,,N/A,,N/A,,N/A,,N/A,N/A
437,TMO,579.22998046875,,N/A,,N/A,,N/A,,N/A,,N/A,N/A
438,TMUS,143.80999755859375,,N/A,,N/A,,N/A,,N/A,,N/A,N/A
439,TPR,43.22999954223633,,N/A,,N/A,,N/A,,N/A,,N/A,N/A
440,TRGP,75.16999816894531,,N/A,,N/A,,N/A,,N/A,,N/A,N/A
441,TRMB,56.2400016784668,,N/A,,N/A,,N/A,,N/A,,N/A,N/A
442,TROW,120.30999755859375,,N/A,,N/A,,N/A,,N/A,,N/A,N/A
443,TRV,187.38999938964844,,N/A,,N/A,,N/A,,N/A,,N/A,N/A
444,TSCO,231.24000549316406,,N/A,,N/A,,N/A,,N/A,,N/A,N/A
445,TSLA,201.2899932861328,,N/A,,N/A,,N/A,,N/A,,N/A,N/A
446,TSN,59.97999954223633,,N/A,,N/A,,N/A,,N/A,,N/A,N/A
447,TT,182.77999877929688,,N/A,,N/A,,N/A,,N/A,,N/A,N/A
448,TTWO,110.44999694824219,,N/A,,N/A,,N/A,,N/A,,N/A,N/A
449,TXN,176.5,,N/A,,N/A,,N/A,,N/A,,N/A,N/A
450,TXT,74.2300033569336,,N/A,,N/A,,N/A,,N/A,,N/A,N/A
451,TYL,326.0899963378906,,N/A,,N/A,,N/A,,N/A,,N/A,N/A
452,UAL,50.77000045776367,,N/A,,N/A,,N/A,,N/A,,N/A,N/A
453,UDR,44.7599983215332,,N/A,,N/A,,N/A,,N/A,,N/A,N/A
454,UHS,145.22000122070312,,N/A,,N/A,,N/A,,N/A,,N/A,N/A
455,ULTA,523.219970703125,,N/A,,N/A,,N/A,,N/A,,N/A,N/A
456,UNH,483.2200012207031,,N/A,,N/A,,N/A,,N/A,,N/A,N/A
457,UNP,207.13999938964844,,N/A,,N/A,,N/A,,N/A,,N/A,N/A
458,UPS,186.36000061035156,,N/A,,N/A,,N/A,,N/A,,N/A,N/A
459,URI,458.0400085449219,,N/A,,N/A,,N/A,,N/A,,N/A,N/A
460,USB,49.06999969482422,,N/A,,N/A,,N/A,,N/A,,N/A,N/A
461,V,230.1999969482422,,N/A,,N/A,,N/A,,N/A,,N/A,N/A
462,VFC,28.440000534057617,,N/A,,N/A,,N/A,,N/A,,N/A,N/A
463,VICI,34.52000045776367,,N/A,,N/A,,N/A,,N/A,,N/A,N/A
464,VLO,134.1199951171875,,N/A,,N/A,,N/A,,N/A,,N/A,N/A
465,VMC,185.14999389648438,,N/A,,N/A,,N/A,,N/A,,N/A,N/A
466,VRSK,177.7100067138672,,N/A,,N/A,,N/A,,N/A,,N/A,N/A
467,VRSN,212.36000061035156,,N/A,,N/A,,N/A,,N/A,,N/A,N/A
468,VRTX,293.3299865722656,,N/A,,N/A,,N/A,,N/A,,N/A,N/A
469,VTR,51.880001068115234,,N/A,,N/A,,N/A,,N/A,,N/A,N/A
470,VTRS,11.920000076293945,,N/A,,N/A,,N/A,,N/A,,N/A,N/A
471,VZ,40.52000045776367,,N/A,,N/A,,N/A,,N/A,,N/A,N/A
472,WAB,103.91999816894531,,N/A,,N/A,,N/A,,N/A,,N/A,N/A
473,WAT,342.2900085449219,,N/A,,N/A,,N/A,,N/A,,N/A,N/A
474,WBA,36.560001373291016,,N/A,,N/A,,N/A,,N/A,,N/A,N/A
475,WBD,14.5600004196167,,N/A,,N/A,,N/A,,N/A,,N/A,N/A
476,WDC,42.7400016784668,,N/A,,N/A,,N/A,,N/A,,N/A,N/A
477,WEC,91.66000366210938,,N/A,,N/A,,N/A,,N/A,,N/A,N/A
478,WELL,75.0,,N/A,,N/A,,N/A,,N/A,,N/A,N/A
479,WFC,48.25,,N/A,,N/A,,N/A,,N/A,,N/A,N/A
480,WHR,143.9600067138672,,N/A,,N/A,,N/A,,N/A,,N/A,N/A
481,WM,150.86000061035156,,N/A,,N/A,,N/A,,N/A,,N/A,N/A
482,WMB,31.809999465942383,,N/A,,N/A,,N/A,,N/A,,N/A,N/A
483,WMT,140.22000122070312,,N/A,,N/A,,N/A,,N/A,,N/A,N/A
484,WRB,69.22000122070312,,N/A,,N/A,,N/A,,N/A,,N/A,N/A
485,WRK,32.900001525878906,,N/A,,N/A,,N/A,,N/A,,N/A,N/A
486,WST,265.07000732421875,,N/A,,N/A,,N/A,,N/A,,N/A,N/A
487,WTW,257.1199951171875,,N/A,,N/A,,N/A,,N/A,,N/A,N/A
488,WY,34.040000915527344,,N/A,,N/A,,N/A,,N/A,,N/A,N/A
489,WYNN,103.62000274658203,,N/A,,N/A,,N/A,,N/A,,N/A,N/A
490,XEL,67.8499984741211,,N/A,,N/A,,N/A,,N/A,,N/A,N/A
491,XOM,113.91999816894531,,N/A,,N/A,,N/A,,N/A,,N/A,N/A
492,XRAY,38.0,,N/A,,N/A,,N/A,,N/A,,N/A,N/A
493,XYL,106.23999786376953,,N/A,,N/A,,N/A,,N/A,,N/A,N/A
494,YUM,131.4199981689453,,N/A,,N/A,,N/A,,N/A,,N/A,N/A
495,ZBH,130.75999450683594,,N/A,,N/A,,N/A,,N/A,,N/A,N/A
496,ZBRA,325.5400085449219,,N/A,,N/A,,N/A,,N/A,,N/A,N/A
497,ZION,53.34000015258789,,N/A,,N/A,,N/A,,N/A,,N/A,N/A
498,ZTS,162.07000732421875,,N/A,,N/A,,N/A,,N/A,,N/A,N/A
